"","gender","hiv","age"
"2","female","HIV +",3.94929476393262
"6","female","HIV +",9.79615845011861
"10","female","HIV +",5.64154033296723
"13","female","HIV +",7.39629642947772
"14","female","HIV +",4.30257888373094
"16","female","HIV +",7.82431904939962
"17","female","HIV +",6.29574645953204
"18","female","HIV +",7.41654465482573
