"","names","Eang_marks","Math_marks"
"1","A",73.5896504147457,65.969317862104
"2","B",74.1941684929673,64.7815530451349
"3","C",74.3887396172686,65.0234601379821
"4","D",74.744893403326,63.2913788080546
"5","E",74.2273558908801,65.791483121381
